{
  "variants": {
    "facing=east": [
	  { "model": "block/jack_o_lantern", "y": 90 },
      { "model": "block/jack_o_lantern/jack_o_lantern0", "y": 90 },
      { "model": "block/jack_o_lantern/jack_o_lantern1", "y": 90 },
      { "model": "block/jack_o_lantern/jack_o_lantern2", "y": 90 },
      { "model": "block/jack_o_lantern/jack_o_lantern3", "y": 90 },
      { "model": "block/jack_o_lantern/jack_o_lantern4", "y": 90 },
      { "model": "block/jack_o_lantern/jack_o_lantern5", "y": 90 },
      { "model": "block/jack_o_lantern/jack_o_lantern6", "y": 90 },
      { "model": "block/jack_o_lantern/jack_o_lantern7", "y": 90 },
	  { "model": "block/jack_o_lantern/jack_o_lantern8", "y": 90 },
	  { "model": "block/jack_o_lantern/jack_o_lantern9", "y": 90 }
    ],

    "facing=north": [
	  { "model": "block/jack_o_lantern" },
      { "model": "block/jack_o_lantern/jack_o_lantern0" },
      { "model": "block/jack_o_lantern/jack_o_lantern1" },
      { "model": "block/jack_o_lantern/jack_o_lantern2" },
      { "model": "block/jack_o_lantern/jack_o_lantern3" },
      { "model": "block/jack_o_lantern/jack_o_lantern4" },
      { "model": "block/jack_o_lantern/jack_o_lantern5" },
      { "model": "block/jack_o_lantern/jack_o_lantern6" },
      { "model": "block/jack_o_lantern/jack_o_lantern7" },
	  { "model": "block/jack_o_lantern/jack_o_lantern8" },
	  { "model": "block/jack_o_lantern/jack_o_lantern9" }
    ],

    "facing=south": [
	  { "model": "block/jack_o_lantern", "y": 180 },
      { "model": "block/jack_o_lantern/jack_o_lantern0", "y": 180 },
      { "model": "block/jack_o_lantern/jack_o_lantern1", "y": 180 },
      { "model": "block/jack_o_lantern/jack_o_lantern2", "y": 180 },
      { "model": "block/jack_o_lantern/jack_o_lantern3", "y": 180 },
      { "model": "block/jack_o_lantern/jack_o_lantern4", "y": 180 },
      { "model": "block/jack_o_lantern/jack_o_lantern5", "y": 180 },
      { "model": "block/jack_o_lantern/jack_o_lantern6", "y": 180 },
      { "model": "block/jack_o_lantern/jack_o_lantern7", "y": 180 },
	  { "model": "block/jack_o_lantern/jack_o_lantern8", "y": 180 },
	  { "model": "block/jack_o_lantern/jack_o_lantern9", "y": 180 }
    ],

    "facing=west": [
	  { "model": "block/jack_o_lantern", "y": 270 },
      { "model": "block/jack_o_lantern/jack_o_lantern0", "y": 270 },
      { "model": "block/jack_o_lantern/jack_o_lantern1", "y": 270 },
      { "model": "block/jack_o_lantern/jack_o_lantern2", "y": 270 },
      { "model": "block/jack_o_lantern/jack_o_lantern3", "y": 270 },
      { "model": "block/jack_o_lantern/jack_o_lantern4", "y": 270 },
      { "model": "block/jack_o_lantern/jack_o_lantern5", "y": 270 },
      { "model": "block/jack_o_lantern/jack_o_lantern6", "y": 270 },
      { "model": "block/jack_o_lantern/jack_o_lantern7", "y": 270 },
	  { "model": "block/jack_o_lantern/jack_o_lantern8", "y": 270 },
	  { "model": "block/jack_o_lantern/jack_o_lantern9", "y": 270 }
    ]

  }
}